{"RODOVIA BR 101 414KM 900M NORTE -ITAGUAI": [-22.85222, -43.77528], "RODOVIA BR 101 414KM 900M SUL -ITAGUAI": [-22.85222, -43.77528], "Rodovia BR 101 414Km 900m SUL -ITAGUAI": [-22.85222, -43.77528], "Rodovia BR 101 414Km 900m NORTE -ITAGUAI": [-22.85222, -43.77528], "AVENIDA DONA TEREZA CRISTINA 00 -DUQUE DE CAXIAS": [-22.6930787, -43.2923663], "SPD 128/021 KM 000 METROS 200 -ARUJA": [-23.39611, -46.32083], "BR-101 KM-383 UF-RJ -RIO DE JANEIRO": [-22.90278, -43.2075], "BR-101 KM-412 UF-RJ -MANGARATIBA": [-22.95972, -44.04056], "BR-116 KM-233 UF-RJ -PIRAI": [-24.52611, -49.94861], "RUA PAULA SOUSA (SANTA IFIGENIA-BRAS), NUMERO-SAO PAULO": [-22.0, -49.0], "SP 330 KM 208 METROS 000 -PIRASSUNUNGA": [-21.99611, -47.42583], "BR-116 KM-227 UF-RJ -PIRAI": [-24.52611, -49.94861], "RJ - BR 116 - KM 233.00 - D -PIRAI": [-24.52611, -49.94861], "SP 330 KM 327 METROS 900 -JARDINOPOLIS": [-21.01778, -47.76389], "BR-116 KM-305 UF-RJ -RESENDE": [-22.46889, -44.44667], "BR-116 KM-270 UF-RJ -BARRA MANSA": [-22.54417, -44.17139], "BR-101 KM-73 UF-RJ -CAMPOS DOS GOYTACAZES": [-21.75417, -41.32444], "BR-101 KM-283 UF-RJ -ITABORAI": [-22.74444, -42.85944], "ESTRADA DO MATO ALTO 2442 -RIO DE JANEIRO": [-22.9366152, -43.567426], "RJ - BR 116 - KM 84.00 - D -TERESOPOLIS": [-22.4167, -42.97822], "BR-101 KM-323 UF-RJ -NITEROI": [-22.88333, -43.10361], "BR-101 KM-55 UF-RJ -CAMPOS DOS GOYTACAZES": [-21.75417, -41.32444], "BR-101 KM-78 UF-RJ -CAMPOS DOS GOYTACAZES": [-21.75417, -41.32444], "BR-116 KM-736 UF-MG -LARANJAL": [-23.04972, -47.83667], "BR-101 KM-58 UF-RJ -CAMPOS DOS GOYTACAZES": [-21.75417, -41.32444], "SP 021 KM 124 METROS 740 -ITAQUAQUECETUBA": [-23.48611, -46.34833], "SP 021 KM 086 METROS 950 -RIBEIRAO PIRES": [-23.71056, -46.41333], "AVENIDA BOM JARDIM (BAIRRO-CENTRO), NUMERO 22-SAO PAULO": [-22.0, -49.0], "BR-116 KM-212 UF-RJ -SEROPEDICA": [-22.74389, -43.7075], "BR-101 KM-298 UF-RJ -ITABORAI": [-22.74444, -42.85944], "AVENIDA BOM JARDIM (CENTRO-BAIRRO), NUMERO 27-SAO PAULO": [-22.0, -49.0], "Desconhecido": [-16.960698, -39.3562384]}